Copyright 1986-2022 Xilinx, Inc. All Rights Reserved. Copyright 2022-2025 Advanced Micro Devices, Inc. All Rights Reserved.
------------------------------------------------------------------------------------------------------------------------------------------------------------------------------------------------------------------------------
| Tool Version : Vivado v.2025.1 (win64) Build 6140274 Thu May 22 00:12:29 MDT 2025
| Date         : Sat Oct 18 11:50:57 2025
| Host         : DESKTOP-R4L9U27 running 64-bit major release  (build 9200)
| Command      : report_timing_summary -max_paths 10 -routable_nets -report_unconstrained -file blinky_timing_summary_routed.rpt -pb blinky_timing_summary_routed.pb -rpx blinky_timing_summary_routed.rpx -warn_on_violation
| Design       : blinky
| Device       : 7a100t-csg324
| Speed File   : -1  PRODUCTION 1.23 2018-06-13
| Design State : Routed
------------------------------------------------------------------------------------------------------------------------------------------------------------------------------------------------------------------------------

Timing Summary Report

------------------------------------------------------------------------------------------------
| Timer Settings
| --------------
------------------------------------------------------------------------------------------------

  Enable Multi Corner Analysis               :  Yes
  Enable Pessimism Removal                   :  Yes
  Pessimism Removal Resolution               :  Nearest Common Node
  Enable Input Delay Default Clock           :  No
  Enable Preset / Clear Arcs                 :  No
  Disable Flight Delays                      :  No
  Ignore I/O Paths                           :  No
  Timing Early Launch at Borrowing Latches   :  No
  Borrow Time for Max Delay Exceptions       :  Yes
  Merge Timing Exceptions                    :  Yes
  Inter-SLR Compensation                     :  Conservative

  Corner  Analyze    Analyze    
  Name    Max Paths  Min Paths  
  ------  ---------  ---------  
  Slow    Yes        Yes        
  Fast    Yes        Yes        


------------------------------------------------------------------------------------------------
| Report Methodology
| ------------------
------------------------------------------------------------------------------------------------

Rule       Severity  Description                    Violations  
---------  --------  -----------------------------  ----------  
TIMING-18  Warning   Missing input or output delay  1           

Note: This report is based on the most recent report_methodology run and may not be up-to-date. Run report_methodology on the current design for the latest report.



check_timing report

Table of Contents
-----------------
1. checking no_clock (0)
2. checking constant_clock (0)
3. checking pulse_width_clock (0)
4. checking unconstrained_internal_endpoints (0)
5. checking no_input_delay (0)
6. checking no_output_delay (1)
7. checking multiple_clock (0)
8. checking generated_clocks (0)
9. checking loops (0)
10. checking partial_input_delay (0)
11. checking partial_output_delay (0)
12. checking latch_loops (0)

1. checking no_clock (0)
------------------------
 There are 0 register/latch pins with no clock.


2. checking constant_clock (0)
------------------------------
 There are 0 register/latch pins with constant_clock.


3. checking pulse_width_clock (0)
---------------------------------
 There are 0 register/latch pins which need pulse_width check


4. checking unconstrained_internal_endpoints (0)
------------------------------------------------
 There are 0 pins that are not constrained for maximum delay.

 There are 0 pins that are not constrained for maximum delay due to constant clock.


5. checking no_input_delay (0)
------------------------------
 There are 0 input ports with no input delay specified.

 There are 0 input ports with no input delay but user has a false path constraint.


6. checking no_output_delay (1)
-------------------------------
 There is 1 port with no output delay specified. (HIGH)

 There are 0 ports with no output delay but user has a false path constraint

 There are 0 ports with no output delay but with a timing clock defined on it or propagating through it


7. checking multiple_clock (0)
------------------------------
 There are 0 register/latch pins with multiple clocks.


8. checking generated_clocks (0)
--------------------------------
 There are 0 generated clocks that are not connected to a clock source.


9. checking loops (0)
---------------------
 There are 0 combinational loops in the design.


10. checking partial_input_delay (0)
------------------------------------
 There are 0 input ports with partial input delay specified.


11. checking partial_output_delay (0)
-------------------------------------
 There are 0 ports with partial output delay specified.


12. checking latch_loops (0)
----------------------------
 There are 0 combinational latch loops in the design through latch input



------------------------------------------------------------------------------------------------
| Design Timing Summary
| ---------------------
------------------------------------------------------------------------------------------------

    WNS(ns)      TNS(ns)  TNS Failing Endpoints  TNS Total Endpoints      WHS(ns)      THS(ns)  THS Failing Endpoints  THS Total Endpoints     WPWS(ns)     TPWS(ns)  TPWS Failing Endpoints  TPWS Total Endpoints  
    -------      -------  ---------------------  -------------------      -------      -------  ---------------------  -------------------     --------     --------  ----------------------  --------------------  
      5.133        0.000                      0                   52        0.324        0.000                      0                   52        4.500        0.000                       0                    28  


All user specified timing constraints are met.


------------------------------------------------------------------------------------------------
| Clock Summary
| -------------
------------------------------------------------------------------------------------------------

Clock  Waveform(ns)       Period(ns)      Frequency(MHz)
-----  ------------       ----------      --------------
clk    {0.000 5.000}      10.000          100.000         


------------------------------------------------------------------------------------------------
| Intra Clock Table
| -----------------
------------------------------------------------------------------------------------------------

Clock             WNS(ns)      TNS(ns)  TNS Failing Endpoints  TNS Total Endpoints      WHS(ns)      THS(ns)  THS Failing Endpoints  THS Total Endpoints     WPWS(ns)     TPWS(ns)  TPWS Failing Endpoints  TPWS Total Endpoints  
-----             -------      -------  ---------------------  -------------------      -------      -------  ---------------------  -------------------     --------     --------  ----------------------  --------------------  
clk                 5.133        0.000                      0                   52        0.324        0.000                      0                   52        4.500        0.000                       0                    28  


------------------------------------------------------------------------------------------------
| Inter Clock Table
| -----------------
------------------------------------------------------------------------------------------------

From Clock    To Clock          WNS(ns)      TNS(ns)  TNS Failing Endpoints  TNS Total Endpoints      WHS(ns)      THS(ns)  THS Failing Endpoints  THS Total Endpoints  
----------    --------          -------      -------  ---------------------  -------------------      -------      -------  ---------------------  -------------------  


------------------------------------------------------------------------------------------------
| Other Path Groups Table
| -----------------------
------------------------------------------------------------------------------------------------

Path Group    From Clock    To Clock          WNS(ns)      TNS(ns)  TNS Failing Endpoints  TNS Total Endpoints      WHS(ns)      THS(ns)  THS Failing Endpoints  THS Total Endpoints  
----------    ----------    --------          -------      -------  ---------------------  -------------------      -------      -------  ---------------------  -------------------  


------------------------------------------------------------------------------------------------
| User Ignored Path Table
| -----------------------
------------------------------------------------------------------------------------------------

Path Group    From Clock    To Clock    
----------    ----------    --------    


------------------------------------------------------------------------------------------------
| Unconstrained Path Table
| ------------------------
------------------------------------------------------------------------------------------------

Path Group    From Clock    To Clock    
----------    ----------    --------    
(none)        clk                         


------------------------------------------------------------------------------------------------
| Timing Details
| --------------
------------------------------------------------------------------------------------------------


---------------------------------------------------------------------------------------------------
From Clock:  clk
  To Clock:  clk

Setup :            0  Failing Endpoints,  Worst Slack        5.133ns,  Total Violation        0.000ns
Hold  :            0  Failing Endpoints,  Worst Slack        0.324ns,  Total Violation        0.000ns
PW    :            0  Failing Endpoints,  Worst Slack        4.500ns,  Total Violation        0.000ns
---------------------------------------------------------------------------------------------------


Max Delay Paths
--------------------------------------------------------------------------------------
Slack (MET) :             5.133ns  (required time - arrival time)
  Source:                 counter_reg[13]/C
                            (rising edge-triggered cell FDRE clocked by clk  {rise@0.000ns fall@5.000ns period=10.000ns})
  Destination:            counter_reg[24]/R
                            (rising edge-triggered cell FDRE clocked by clk  {rise@0.000ns fall@5.000ns period=10.000ns})
  Path Group:             clk
  Path Type:              Setup (Max at Slow Process Corner)
  Requirement:            10.000ns  (clk rise@10.000ns - clk rise@0.000ns)
  Data Path Delay:        4.376ns  (logic 0.952ns (21.754%)  route 3.424ns (78.246%))
  Logic Levels:           4  (LUT3=1 LUT6=3)
  Clock Path Skew:        -0.027ns (DCD - SCD + CPR)
    Destination Clock Delay (DCD):    5.004ns = ( 15.004 - 10.000 ) 
    Source Clock Delay      (SCD):    5.306ns
    Clock Pessimism Removal (CPR):    0.275ns
  Clock Uncertainty:      0.035ns  ((TSJ^2 + TIJ^2)^1/2 + DJ) / 2 + PE
    Total System Jitter     (TSJ):    0.071ns
    Total Input Jitter      (TIJ):    0.000ns
    Discrete Jitter          (DJ):    0.000ns
    Phase Error              (PE):    0.000ns

    Location             Delay type                Incr(ns)  Path(ns)    Netlist Resource(s)
  -------------------------------------------------------------------    -------------------
                         (clock clk rise edge)        0.000     0.000 r  
    E3                                                0.000     0.000 r  clk (IN)
                         net (fo=0)                   0.000     0.000    clk
    E3                   IBUF (Prop_ibuf_I_O)         1.482     1.482 r  clk_IBUF_inst/O
                         net (fo=1, routed)           2.025     3.506    clk_IBUF
    BUFGCTRL_X0Y16       BUFG (Prop_bufg_I_O)         0.096     3.602 r  clk_IBUF_BUFG_inst/O
                         net (fo=27, routed)          1.704     5.306    clk_IBUF_BUFG
    SLICE_X0Y113         FDRE                                         r  counter_reg[13]/C
  -------------------------------------------------------------------    -------------------
    SLICE_X0Y113         FDRE (Prop_fdre_C_Q)         0.456     5.762 r  counter_reg[13]/Q
                         net (fo=2, routed)           0.916     6.679    counter_reg[13]
    SLICE_X1Y112         LUT6 (Prop_lut6_I4_O)        0.124     6.803 r  counter[0]_i_6/O
                         net (fo=1, routed)           0.406     7.209    counter[0]_i_6_n_0
    SLICE_X1Y113         LUT6 (Prop_lut6_I2_O)        0.124     7.333 r  counter[0]_i_5/O
                         net (fo=1, routed)           0.633     7.966    counter[0]_i_5_n_0
    SLICE_X1Y114         LUT6 (Prop_lut6_I2_O)        0.124     8.090 r  counter[0]_i_3/O
                         net (fo=2, routed)           0.815     8.905    counter[0]_i_3_n_0
    SLICE_X1Y113         LUT3 (Prop_lut3_I1_O)        0.124     9.029 r  counter[0]_i_1/O
                         net (fo=25, routed)          0.653     9.682    counter[0]_i_1_n_0
    SLICE_X0Y116         FDRE                                         r  counter_reg[24]/R
  -------------------------------------------------------------------    -------------------

                         (clock clk rise edge)       10.000    10.000 r  
    E3                                                0.000    10.000 r  clk (IN)
                         net (fo=0)                   0.000    10.000    clk
    E3                   IBUF (Prop_ibuf_I_O)         1.411    11.411 r  clk_IBUF_inst/O
                         net (fo=1, routed)           1.920    13.331    clk_IBUF
    BUFGCTRL_X0Y16       BUFG (Prop_bufg_I_O)         0.091    13.422 r  clk_IBUF_BUFG_inst/O
                         net (fo=27, routed)          1.582    15.004    clk_IBUF_BUFG
    SLICE_X0Y116         FDRE                                         r  counter_reg[24]/C
                         clock pessimism              0.275    15.279    
                         clock uncertainty           -0.035    15.244    
    SLICE_X0Y116         FDRE (Setup_fdre_C_R)       -0.429    14.815    counter_reg[24]
  -------------------------------------------------------------------
                         required time                         14.815    
                         arrival time                          -9.682    
  -------------------------------------------------------------------
                         slack                                  5.133    

Slack (MET) :             5.133ns  (required time - arrival time)
  Source:                 counter_reg[13]/C
                            (rising edge-triggered cell FDRE clocked by clk  {rise@0.000ns fall@5.000ns period=10.000ns})
  Destination:            counter_reg[0]/R
                            (rising edge-triggered cell FDRE clocked by clk  {rise@0.000ns fall@5.000ns period=10.000ns})
  Path Group:             clk
  Path Type:              Setup (Max at Slow Process Corner)
  Requirement:            10.000ns  (clk rise@10.000ns - clk rise@0.000ns)
  Data Path Delay:        4.381ns  (logic 0.952ns (21.731%)  route 3.429ns (78.269%))
  Logic Levels:           4  (LUT3=1 LUT6=3)
  Clock Path Skew:        -0.022ns (DCD - SCD + CPR)
    Destination Clock Delay (DCD):    5.009ns = ( 15.009 - 10.000 ) 
    Source Clock Delay      (SCD):    5.306ns
    Clock Pessimism Removal (CPR):    0.275ns
  Clock Uncertainty:      0.035ns  ((TSJ^2 + TIJ^2)^1/2 + DJ) / 2 + PE
    Total System Jitter     (TSJ):    0.071ns
    Total Input Jitter      (TIJ):    0.000ns
    Discrete Jitter          (DJ):    0.000ns
    Phase Error              (PE):    0.000ns

    Location             Delay type                Incr(ns)  Path(ns)    Netlist Resource(s)
  -------------------------------------------------------------------    -------------------
                         (clock clk rise edge)        0.000     0.000 r  
    E3                                                0.000     0.000 r  clk (IN)
                         net (fo=0)                   0.000     0.000    clk
    E3                   IBUF (Prop_ibuf_I_O)         1.482     1.482 r  clk_IBUF_inst/O
                         net (fo=1, routed)           2.025     3.506    clk_IBUF
    BUFGCTRL_X0Y16       BUFG (Prop_bufg_I_O)         0.096     3.602 r  clk_IBUF_BUFG_inst/O
                         net (fo=27, routed)          1.704     5.306    clk_IBUF_BUFG
    SLICE_X0Y113         FDRE                                         r  counter_reg[13]/C
  -------------------------------------------------------------------    -------------------
    SLICE_X0Y113         FDRE (Prop_fdre_C_Q)         0.456     5.762 r  counter_reg[13]/Q
                         net (fo=2, routed)           0.916     6.679    counter_reg[13]
    SLICE_X1Y112         LUT6 (Prop_lut6_I4_O)        0.124     6.803 r  counter[0]_i_6/O
                         net (fo=1, routed)           0.406     7.209    counter[0]_i_6_n_0
    SLICE_X1Y113         LUT6 (Prop_lut6_I2_O)        0.124     7.333 r  counter[0]_i_5/O
                         net (fo=1, routed)           0.633     7.966    counter[0]_i_5_n_0
    SLICE_X1Y114         LUT6 (Prop_lut6_I2_O)        0.124     8.090 r  counter[0]_i_3/O
                         net (fo=2, routed)           0.815     8.905    counter[0]_i_3_n_0
    SLICE_X1Y113         LUT3 (Prop_lut3_I1_O)        0.124     9.029 r  counter[0]_i_1/O
                         net (fo=25, routed)          0.658     9.687    counter[0]_i_1_n_0
    SLICE_X0Y110         FDRE                                         r  counter_reg[0]/R
  -------------------------------------------------------------------    -------------------

                         (clock clk rise edge)       10.000    10.000 r  
    E3                                                0.000    10.000 r  clk (IN)
                         net (fo=0)                   0.000    10.000    clk
    E3                   IBUF (Prop_ibuf_I_O)         1.411    11.411 r  clk_IBUF_inst/O
                         net (fo=1, routed)           1.920    13.331    clk_IBUF
    BUFGCTRL_X0Y16       BUFG (Prop_bufg_I_O)         0.091    13.422 r  clk_IBUF_BUFG_inst/O
                         net (fo=27, routed)          1.587    15.009    clk_IBUF_BUFG
    SLICE_X0Y110         FDRE                                         r  counter_reg[0]/C
                         clock pessimism              0.275    15.284    
                         clock uncertainty           -0.035    15.249    
    SLICE_X0Y110         FDRE (Setup_fdre_C_R)       -0.429    14.820    counter_reg[0]
  -------------------------------------------------------------------
                         required time                         14.820    
                         arrival time                          -9.687    
  -------------------------------------------------------------------
                         slack                                  5.133    

Slack (MET) :             5.133ns  (required time - arrival time)
  Source:                 counter_reg[13]/C
                            (rising edge-triggered cell FDRE clocked by clk  {rise@0.000ns fall@5.000ns period=10.000ns})
  Destination:            counter_reg[1]/R
                            (rising edge-triggered cell FDRE clocked by clk  {rise@0.000ns fall@5.000ns period=10.000ns})
  Path Group:             clk
  Path Type:              Setup (Max at Slow Process Corner)
  Requirement:            10.000ns  (clk rise@10.000ns - clk rise@0.000ns)
  Data Path Delay:        4.381ns  (logic 0.952ns (21.731%)  route 3.429ns (78.269%))
  Logic Levels:           4  (LUT3=1 LUT6=3)
  Clock Path Skew:        -0.022ns (DCD - SCD + CPR)
    Destination Clock Delay (DCD):    5.009ns = ( 15.009 - 10.000 ) 
    Source Clock Delay      (SCD):    5.306ns
    Clock Pessimism Removal (CPR):    0.275ns
  Clock Uncertainty:      0.035ns  ((TSJ^2 + TIJ^2)^1/2 + DJ) / 2 + PE
    Total System Jitter     (TSJ):    0.071ns
    Total Input Jitter      (TIJ):    0.000ns
    Discrete Jitter          (DJ):    0.000ns
    Phase Error              (PE):    0.000ns

    Location             Delay type                Incr(ns)  Path(ns)    Netlist Resource(s)
  -------------------------------------------------------------------    -------------------
                         (clock clk rise edge)        0.000     0.000 r  
    E3                                                0.000     0.000 r  clk (IN)
                         net (fo=0)                   0.000     0.000    clk
    E3                   IBUF (Prop_ibuf_I_O)         1.482     1.482 r  clk_IBUF_inst/O
                         net (fo=1, routed)           2.025     3.506    clk_IBUF
    BUFGCTRL_X0Y16       BUFG (Prop_bufg_I_O)         0.096     3.602 r  clk_IBUF_BUFG_inst/O
                         net (fo=27, routed)          1.704     5.306    clk_IBUF_BUFG
    SLICE_X0Y113         FDRE                                         r  counter_reg[13]/C
  -------------------------------------------------------------------    -------------------
    SLICE_X0Y113         FDRE (Prop_fdre_C_Q)         0.456     5.762 r  counter_reg[13]/Q
                         net (fo=2, routed)           0.916     6.679    counter_reg[13]
    SLICE_X1Y112         LUT6 (Prop_lut6_I4_O)        0.124     6.803 r  counter[0]_i_6/O
                         net (fo=1, routed)           0.406     7.209    counter[0]_i_6_n_0
    SLICE_X1Y113         LUT6 (Prop_lut6_I2_O)        0.124     7.333 r  counter[0]_i_5/O
                         net (fo=1, routed)           0.633     7.966    counter[0]_i_5_n_0
    SLICE_X1Y114         LUT6 (Prop_lut6_I2_O)        0.124     8.090 r  counter[0]_i_3/O
                         net (fo=2, routed)           0.815     8.905    counter[0]_i_3_n_0
    SLICE_X1Y113         LUT3 (Prop_lut3_I1_O)        0.124     9.029 r  counter[0]_i_1/O
                         net (fo=25, routed)          0.658     9.687    counter[0]_i_1_n_0
    SLICE_X0Y110         FDRE                                         r  counter_reg[1]/R
  -------------------------------------------------------------------    -------------------

                         (clock clk rise edge)       10.000    10.000 r  
    E3                                                0.000    10.000 r  clk (IN)
                         net (fo=0)                   0.000    10.000    clk
    E3                   IBUF (Prop_ibuf_I_O)         1.411    11.411 r  clk_IBUF_inst/O
                         net (fo=1, routed)           1.920    13.331    clk_IBUF
    BUFGCTRL_X0Y16       BUFG (Prop_bufg_I_O)         0.091    13.422 r  clk_IBUF_BUFG_inst/O
                         net (fo=27, routed)          1.587    15.009    clk_IBUF_BUFG
    SLICE_X0Y110         FDRE                                         r  counter_reg[1]/C
                         clock pessimism              0.275    15.284    
                         clock uncertainty           -0.035    15.249    
    SLICE_X0Y110         FDRE (Setup_fdre_C_R)       -0.429    14.820    counter_reg[1]
  -------------------------------------------------------------------
                         required time                         14.820    
                         arrival time                          -9.687    
  -------------------------------------------------------------------
                         slack                                  5.133    

Slack (MET) :             5.133ns  (required time - arrival time)
  Source:                 counter_reg[13]/C
                            (rising edge-triggered cell FDRE clocked by clk  {rise@0.000ns fall@5.000ns period=10.000ns})
  Destination:            counter_reg[2]/R
                            (rising edge-triggered cell FDRE clocked by clk  {rise@0.000ns fall@5.000ns period=10.000ns})
  Path Group:             clk
  Path Type:              Setup (Max at Slow Process Corner)
  Requirement:            10.000ns  (clk rise@10.000ns - clk rise@0.000ns)
  Data Path Delay:        4.381ns  (logic 0.952ns (21.731%)  route 3.429ns (78.269%))
  Logic Levels:           4  (LUT3=1 LUT6=3)
  Clock Path Skew:        -0.022ns (DCD - SCD + CPR)
    Destination Clock Delay (DCD):    5.009ns = ( 15.009 - 10.000 ) 
    Source Clock Delay      (SCD):    5.306ns
    Clock Pessimism Removal (CPR):    0.275ns
  Clock Uncertainty:      0.035ns  ((TSJ^2 + TIJ^2)^1/2 + DJ) / 2 + PE
    Total System Jitter     (TSJ):    0.071ns
    Total Input Jitter      (TIJ):    0.000ns
    Discrete Jitter          (DJ):    0.000ns
    Phase Error              (PE):    0.000ns

    Location             Delay type                Incr(ns)  Path(ns)    Netlist Resource(s)
  -------------------------------------------------------------------    -------------------
                         (clock clk rise edge)        0.000     0.000 r  
    E3                                                0.000     0.000 r  clk (IN)
                         net (fo=0)                   0.000     0.000    clk
    E3                   IBUF (Prop_ibuf_I_O)         1.482     1.482 r  clk_IBUF_inst/O
                         net (fo=1, routed)           2.025     3.506    clk_IBUF
    BUFGCTRL_X0Y16       BUFG (Prop_bufg_I_O)         0.096     3.602 r  clk_IBUF_BUFG_inst/O
                         net (fo=27, routed)          1.704     5.306    clk_IBUF_BUFG
    SLICE_X0Y113         FDRE                                         r  counter_reg[13]/C
  -------------------------------------------------------------------    -------------------
    SLICE_X0Y113         FDRE (Prop_fdre_C_Q)         0.456     5.762 r  counter_reg[13]/Q
                         net (fo=2, routed)           0.916     6.679    counter_reg[13]
    SLICE_X1Y112         LUT6 (Prop_lut6_I4_O)        0.124     6.803 r  counter[0]_i_6/O
                         net (fo=1, routed)           0.406     7.209    counter[0]_i_6_n_0
    SLICE_X1Y113         LUT6 (Prop_lut6_I2_O)        0.124     7.333 r  counter[0]_i_5/O
                         net (fo=1, routed)           0.633     7.966    counter[0]_i_5_n_0
    SLICE_X1Y114         LUT6 (Prop_lut6_I2_O)        0.124     8.090 r  counter[0]_i_3/O
                         net (fo=2, routed)           0.815     8.905    counter[0]_i_3_n_0
    SLICE_X1Y113         LUT3 (Prop_lut3_I1_O)        0.124     9.029 r  counter[0]_i_1/O
                         net (fo=25, routed)          0.658     9.687    counter[0]_i_1_n_0
    SLICE_X0Y110         FDRE                                         r  counter_reg[2]/R
  -------------------------------------------------------------------    -------------------

                         (clock clk rise edge)       10.000    10.000 r  
    E3                                                0.000    10.000 r  clk (IN)
                         net (fo=0)                   0.000    10.000    clk
    E3                   IBUF (Prop_ibuf_I_O)         1.411    11.411 r  clk_IBUF_inst/O
                         net (fo=1, routed)           1.920    13.331    clk_IBUF
    BUFGCTRL_X0Y16       BUFG (Prop_bufg_I_O)         0.091    13.422 r  clk_IBUF_BUFG_inst/O
                         net (fo=27, routed)          1.587    15.009    clk_IBUF_BUFG
    SLICE_X0Y110         FDRE                                         r  counter_reg[2]/C
                         clock pessimism              0.275    15.284    
                         clock uncertainty           -0.035    15.249    
    SLICE_X0Y110         FDRE (Setup_fdre_C_R)       -0.429    14.820    counter_reg[2]
  -------------------------------------------------------------------
                         required time                         14.820    
                         arrival time                          -9.687    
  -------------------------------------------------------------------
                         slack                                  5.133    

Slack (MET) :             5.133ns  (required time - arrival time)
  Source:                 counter_reg[13]/C
                            (rising edge-triggered cell FDRE clocked by clk  {rise@0.000ns fall@5.000ns period=10.000ns})
  Destination:            counter_reg[3]/R
                            (rising edge-triggered cell FDRE clocked by clk  {rise@0.000ns fall@5.000ns period=10.000ns})
  Path Group:             clk
  Path Type:              Setup (Max at Slow Process Corner)
  Requirement:            10.000ns  (clk rise@10.000ns - clk rise@0.000ns)
  Data Path Delay:        4.381ns  (logic 0.952ns (21.731%)  route 3.429ns (78.269%))
  Logic Levels:           4  (LUT3=1 LUT6=3)
  Clock Path Skew:        -0.022ns (DCD - SCD + CPR)
    Destination Clock Delay (DCD):    5.009ns = ( 15.009 - 10.000 ) 
    Source Clock Delay      (SCD):    5.306ns
    Clock Pessimism Removal (CPR):    0.275ns
  Clock Uncertainty:      0.035ns  ((TSJ^2 + TIJ^2)^1/2 + DJ) / 2 + PE
    Total System Jitter     (TSJ):    0.071ns
    Total Input Jitter      (TIJ):    0.000ns
    Discrete Jitter          (DJ):    0.000ns
    Phase Error              (PE):    0.000ns

    Location             Delay type                Incr(ns)  Path(ns)    Netlist Resource(s)
  -------------------------------------------------------------------    -------------------
                         (clock clk rise edge)        0.000     0.000 r  
    E3                                                0.000     0.000 r  clk (IN)
                         net (fo=0)                   0.000     0.000    clk
    E3                   IBUF (Prop_ibuf_I_O)         1.482     1.482 r  clk_IBUF_inst/O
                         net (fo=1, routed)           2.025     3.506    clk_IBUF
    BUFGCTRL_X0Y16       BUFG (Prop_bufg_I_O)         0.096     3.602 r  clk_IBUF_BUFG_inst/O
                         net (fo=27, routed)          1.704     5.306    clk_IBUF_BUFG
    SLICE_X0Y113         FDRE                                         r  counter_reg[13]/C
  -------------------------------------------------------------------    -------------------
    SLICE_X0Y113         FDRE (Prop_fdre_C_Q)         0.456     5.762 r  counter_reg[13]/Q
                         net (fo=2, routed)           0.916     6.679    counter_reg[13]
    SLICE_X1Y112         LUT6 (Prop_lut6_I4_O)        0.124     6.803 r  counter[0]_i_6/O
                         net (fo=1, routed)           0.406     7.209    counter[0]_i_6_n_0
    SLICE_X1Y113         LUT6 (Prop_lut6_I2_O)        0.124     7.333 r  counter[0]_i_5/O
                         net (fo=1, routed)           0.633     7.966    counter[0]_i_5_n_0
    SLICE_X1Y114         LUT6 (Prop_lut6_I2_O)        0.124     8.090 r  counter[0]_i_3/O
                         net (fo=2, routed)           0.815     8.905    counter[0]_i_3_n_0
    SLICE_X1Y113         LUT3 (Prop_lut3_I1_O)        0.124     9.029 r  counter[0]_i_1/O
                         net (fo=25, routed)          0.658     9.687    counter[0]_i_1_n_0
    SLICE_X0Y110         FDRE                                         r  counter_reg[3]/R
  -------------------------------------------------------------------    -------------------

                         (clock clk rise edge)       10.000    10.000 r  
    E3                                                0.000    10.000 r  clk (IN)
                         net (fo=0)                   0.000    10.000    clk
    E3                   IBUF (Prop_ibuf_I_O)         1.411    11.411 r  clk_IBUF_inst/O
                         net (fo=1, routed)           1.920    13.331    clk_IBUF
    BUFGCTRL_X0Y16       BUFG (Prop_bufg_I_O)         0.091    13.422 r  clk_IBUF_BUFG_inst/O
                         net (fo=27, routed)          1.587    15.009    clk_IBUF_BUFG
    SLICE_X0Y110         FDRE                                         r  counter_reg[3]/C
                         clock pessimism              0.275    15.284    
                         clock uncertainty           -0.035    15.249    
    SLICE_X0Y110         FDRE (Setup_fdre_C_R)       -0.429    14.820    counter_reg[3]
  -------------------------------------------------------------------
                         required time                         14.820    
                         arrival time                          -9.687    
  -------------------------------------------------------------------
                         slack                                  5.133    

Slack (MET) :             5.148ns  (required time - arrival time)
  Source:                 counter_reg[13]/C
                            (rising edge-triggered cell FDRE clocked by clk  {rise@0.000ns fall@5.000ns period=10.000ns})
  Destination:            counter_reg[12]/R
                            (rising edge-triggered cell FDRE clocked by clk  {rise@0.000ns fall@5.000ns period=10.000ns})
  Path Group:             clk
  Path Type:              Setup (Max at Slow Process Corner)
  Requirement:            10.000ns  (clk rise@10.000ns - clk rise@0.000ns)
  Data Path Delay:        4.388ns  (logic 0.952ns (21.695%)  route 3.436ns (78.305%))
  Logic Levels:           4  (LUT3=1 LUT6=3)
  Clock Path Skew:        0.000ns (DCD - SCD + CPR)
    Destination Clock Delay (DCD):    5.006ns = ( 15.006 - 10.000 ) 
    Source Clock Delay      (SCD):    5.306ns
    Clock Pessimism Removal (CPR):    0.300ns
  Clock Uncertainty:      0.035ns  ((TSJ^2 + TIJ^2)^1/2 + DJ) / 2 + PE
    Total System Jitter     (TSJ):    0.071ns
    Total Input Jitter      (TIJ):    0.000ns
    Discrete Jitter          (DJ):    0.000ns
    Phase Error              (PE):    0.000ns

    Location             Delay type                Incr(ns)  Path(ns)    Netlist Resource(s)
  -------------------------------------------------------------------    -------------------
                         (clock clk rise edge)        0.000     0.000 r  
    E3                                                0.000     0.000 r  clk (IN)
                         net (fo=0)                   0.000     0.000    clk
    E3                   IBUF (Prop_ibuf_I_O)         1.482     1.482 r  clk_IBUF_inst/O
                         net (fo=1, routed)           2.025     3.506    clk_IBUF
    BUFGCTRL_X0Y16       BUFG (Prop_bufg_I_O)         0.096     3.602 r  clk_IBUF_BUFG_inst/O
                         net (fo=27, routed)          1.704     5.306    clk_IBUF_BUFG
    SLICE_X0Y113         FDRE                                         r  counter_reg[13]/C
  -------------------------------------------------------------------    -------------------
    SLICE_X0Y113         FDRE (Prop_fdre_C_Q)         0.456     5.762 r  counter_reg[13]/Q
                         net (fo=2, routed)           0.916     6.679    counter_reg[13]
    SLICE_X1Y112         LUT6 (Prop_lut6_I4_O)        0.124     6.803 r  counter[0]_i_6/O
                         net (fo=1, routed)           0.406     7.209    counter[0]_i_6_n_0
    SLICE_X1Y113         LUT6 (Prop_lut6_I2_O)        0.124     7.333 r  counter[0]_i_5/O
                         net (fo=1, routed)           0.633     7.966    counter[0]_i_5_n_0
    SLICE_X1Y114         LUT6 (Prop_lut6_I2_O)        0.124     8.090 r  counter[0]_i_3/O
                         net (fo=2, routed)           0.815     8.905    counter[0]_i_3_n_0
    SLICE_X1Y113         LUT3 (Prop_lut3_I1_O)        0.124     9.029 r  counter[0]_i_1/O
                         net (fo=25, routed)          0.665     9.694    counter[0]_i_1_n_0
    SLICE_X0Y113         FDRE                                         r  counter_reg[12]/R
  -------------------------------------------------------------------    -------------------

                         (clock clk rise edge)       10.000    10.000 r  
    E3                                                0.000    10.000 r  clk (IN)
                         net (fo=0)                   0.000    10.000    clk
    E3                   IBUF (Prop_ibuf_I_O)         1.411    11.411 r  clk_IBUF_inst/O
                         net (fo=1, routed)           1.920    13.331    clk_IBUF
    BUFGCTRL_X0Y16       BUFG (Prop_bufg_I_O)         0.091    13.422 r  clk_IBUF_BUFG_inst/O
                         net (fo=27, routed)          1.584    15.006    clk_IBUF_BUFG
    SLICE_X0Y113         FDRE                                         r  counter_reg[12]/C
                         clock pessimism              0.300    15.306    
                         clock uncertainty           -0.035    15.271    
    SLICE_X0Y113         FDRE (Setup_fdre_C_R)       -0.429    14.842    counter_reg[12]
  -------------------------------------------------------------------
                         required time                         14.842    
                         arrival time                          -9.694    
  -------------------------------------------------------------------
                         slack                                  5.148    

Slack (MET) :             5.148ns  (required time - arrival time)
  Source:                 counter_reg[13]/C
                            (rising edge-triggered cell FDRE clocked by clk  {rise@0.000ns fall@5.000ns period=10.000ns})
  Destination:            counter_reg[13]/R
                            (rising edge-triggered cell FDRE clocked by clk  {rise@0.000ns fall@5.000ns period=10.000ns})
  Path Group:             clk
  Path Type:              Setup (Max at Slow Process Corner)
  Requirement:            10.000ns  (clk rise@10.000ns - clk rise@0.000ns)
  Data Path Delay:        4.388ns  (logic 0.952ns (21.695%)  route 3.436ns (78.305%))
  Logic Levels:           4  (LUT3=1 LUT6=3)
  Clock Path Skew:        0.000ns (DCD - SCD + CPR)
    Destination Clock Delay (DCD):    5.006ns = ( 15.006 - 10.000 ) 
    Source Clock Delay      (SCD):    5.306ns
    Clock Pessimism Removal (CPR):    0.300ns
  Clock Uncertainty:      0.035ns  ((TSJ^2 + TIJ^2)^1/2 + DJ) / 2 + PE
    Total System Jitter     (TSJ):    0.071ns
    Total Input Jitter      (TIJ):    0.000ns
    Discrete Jitter          (DJ):    0.000ns
    Phase Error              (PE):    0.000ns

    Location             Delay type                Incr(ns)  Path(ns)    Netlist Resource(s)
  -------------------------------------------------------------------    -------------------
                         (clock clk rise edge)        0.000     0.000 r  
    E3                                                0.000     0.000 r  clk (IN)
                         net (fo=0)                   0.000     0.000    clk
    E3                   IBUF (Prop_ibuf_I_O)         1.482     1.482 r  clk_IBUF_inst/O
                         net (fo=1, routed)           2.025     3.506    clk_IBUF
    BUFGCTRL_X0Y16       BUFG (Prop_bufg_I_O)         0.096     3.602 r  clk_IBUF_BUFG_inst/O
                         net (fo=27, routed)          1.704     5.306    clk_IBUF_BUFG
    SLICE_X0Y113         FDRE                                         r  counter_reg[13]/C
  -------------------------------------------------------------------    -------------------
    SLICE_X0Y113         FDRE (Prop_fdre_C_Q)         0.456     5.762 r  counter_reg[13]/Q
                         net (fo=2, routed)           0.916     6.679    counter_reg[13]
    SLICE_X1Y112         LUT6 (Prop_lut6_I4_O)        0.124     6.803 r  counter[0]_i_6/O
                         net (fo=1, routed)           0.406     7.209    counter[0]_i_6_n_0
    SLICE_X1Y113         LUT6 (Prop_lut6_I2_O)        0.124     7.333 r  counter[0]_i_5/O
                         net (fo=1, routed)           0.633     7.966    counter[0]_i_5_n_0
    SLICE_X1Y114         LUT6 (Prop_lut6_I2_O)        0.124     8.090 r  counter[0]_i_3/O
                         net (fo=2, routed)           0.815     8.905    counter[0]_i_3_n_0
    SLICE_X1Y113         LUT3 (Prop_lut3_I1_O)        0.124     9.029 r  counter[0]_i_1/O
                         net (fo=25, routed)          0.665     9.694    counter[0]_i_1_n_0
    SLICE_X0Y113         FDRE                                         r  counter_reg[13]/R
  -------------------------------------------------------------------    -------------------

                         (clock clk rise edge)       10.000    10.000 r  
    E3                                                0.000    10.000 r  clk (IN)
                         net (fo=0)                   0.000    10.000    clk
    E3                   IBUF (Prop_ibuf_I_O)         1.411    11.411 r  clk_IBUF_inst/O
                         net (fo=1, routed)           1.920    13.331    clk_IBUF
    BUFGCTRL_X0Y16       BUFG (Prop_bufg_I_O)         0.091    13.422 r  clk_IBUF_BUFG_inst/O
                         net (fo=27, routed)          1.584    15.006    clk_IBUF_BUFG
    SLICE_X0Y113         FDRE                                         r  counter_reg[13]/C
                         clock pessimism              0.300    15.306    
                         clock uncertainty           -0.035    15.271    
    SLICE_X0Y113         FDRE (Setup_fdre_C_R)       -0.429    14.842    counter_reg[13]
  -------------------------------------------------------------------
                         required time                         14.842    
                         arrival time                          -9.694    
  -------------------------------------------------------------------
                         slack                                  5.148    

Slack (MET) :             5.148ns  (required time - arrival time)
  Source:                 counter_reg[13]/C
                            (rising edge-triggered cell FDRE clocked by clk  {rise@0.000ns fall@5.000ns period=10.000ns})
  Destination:            counter_reg[14]/R
                            (rising edge-triggered cell FDRE clocked by clk  {rise@0.000ns fall@5.000ns period=10.000ns})
  Path Group:             clk
  Path Type:              Setup (Max at Slow Process Corner)
  Requirement:            10.000ns  (clk rise@10.000ns - clk rise@0.000ns)
  Data Path Delay:        4.388ns  (logic 0.952ns (21.695%)  route 3.436ns (78.305%))
  Logic Levels:           4  (LUT3=1 LUT6=3)
  Clock Path Skew:        0.000ns (DCD - SCD + CPR)
    Destination Clock Delay (DCD):    5.006ns = ( 15.006 - 10.000 ) 
    Source Clock Delay      (SCD):    5.306ns
    Clock Pessimism Removal (CPR):    0.300ns
  Clock Uncertainty:      0.035ns  ((TSJ^2 + TIJ^2)^1/2 + DJ) / 2 + PE
    Total System Jitter     (TSJ):    0.071ns
    Total Input Jitter      (TIJ):    0.000ns
    Discrete Jitter          (DJ):    0.000ns
    Phase Error              (PE):    0.000ns

    Location             Delay type                Incr(ns)  Path(ns)    Netlist Resource(s)
  -------------------------------------------------------------------    -------------------
                         (clock clk rise edge)        0.000     0.000 r  
    E3                                                0.000     0.000 r  clk (IN)
                         net (fo=0)                   0.000     0.000    clk
    E3                   IBUF (Prop_ibuf_I_O)         1.482     1.482 r  clk_IBUF_inst/O
                         net (fo=1, routed)           2.025     3.506    clk_IBUF
    BUFGCTRL_X0Y16       BUFG (Prop_bufg_I_O)         0.096     3.602 r  clk_IBUF_BUFG_inst/O
                         net (fo=27, routed)          1.704     5.306    clk_IBUF_BUFG
    SLICE_X0Y113         FDRE                                         r  counter_reg[13]/C
  -------------------------------------------------------------------    -------------------
    SLICE_X0Y113         FDRE (Prop_fdre_C_Q)         0.456     5.762 r  counter_reg[13]/Q
                         net (fo=2, routed)           0.916     6.679    counter_reg[13]
    SLICE_X1Y112         LUT6 (Prop_lut6_I4_O)        0.124     6.803 r  counter[0]_i_6/O
                         net (fo=1, routed)           0.406     7.209    counter[0]_i_6_n_0
    SLICE_X1Y113         LUT6 (Prop_lut6_I2_O)        0.124     7.333 r  counter[0]_i_5/O
                         net (fo=1, routed)           0.633     7.966    counter[0]_i_5_n_0
    SLICE_X1Y114         LUT6 (Prop_lut6_I2_O)        0.124     8.090 r  counter[0]_i_3/O
                         net (fo=2, routed)           0.815     8.905    counter[0]_i_3_n_0
    SLICE_X1Y113         LUT3 (Prop_lut3_I1_O)        0.124     9.029 r  counter[0]_i_1/O
                         net (fo=25, routed)          0.665     9.694    counter[0]_i_1_n_0
    SLICE_X0Y113         FDRE                                         r  counter_reg[14]/R
  -------------------------------------------------------------------    -------------------

                         (clock clk rise edge)       10.000    10.000 r  
    E3                                                0.000    10.000 r  clk (IN)
                         net (fo=0)                   0.000    10.000    clk
    E3                   IBUF (Prop_ibuf_I_O)         1.411    11.411 r  clk_IBUF_inst/O
                         net (fo=1, routed)           1.920    13.331    clk_IBUF
    BUFGCTRL_X0Y16       BUFG (Prop_bufg_I_O)         0.091    13.422 r  clk_IBUF_BUFG_inst/O
                         net (fo=27, routed)          1.584    15.006    clk_IBUF_BUFG
    SLICE_X0Y113         FDRE                                         r  counter_reg[14]/C
                         clock pessimism              0.300    15.306    
                         clock uncertainty           -0.035    15.271    
    SLICE_X0Y113         FDRE (Setup_fdre_C_R)       -0.429    14.842    counter_reg[14]
  -------------------------------------------------------------------
                         required time                         14.842    
                         arrival time                          -9.694    
  -------------------------------------------------------------------
                         slack                                  5.148    

Slack (MET) :             5.148ns  (required time - arrival time)
  Source:                 counter_reg[13]/C
                            (rising edge-triggered cell FDRE clocked by clk  {rise@0.000ns fall@5.000ns period=10.000ns})
  Destination:            counter_reg[15]/R
                            (rising edge-triggered cell FDRE clocked by clk  {rise@0.000ns fall@5.000ns period=10.000ns})
  Path Group:             clk
  Path Type:              Setup (Max at Slow Process Corner)
  Requirement:            10.000ns  (clk rise@10.000ns - clk rise@0.000ns)
  Data Path Delay:        4.388ns  (logic 0.952ns (21.695%)  route 3.436ns (78.305%))
  Logic Levels:           4  (LUT3=1 LUT6=3)
  Clock Path Skew:        0.000ns (DCD - SCD + CPR)
    Destination Clock Delay (DCD):    5.006ns = ( 15.006 - 10.000 ) 
    Source Clock Delay      (SCD):    5.306ns
    Clock Pessimism Removal (CPR):    0.300ns
  Clock Uncertainty:      0.035ns  ((TSJ^2 + TIJ^2)^1/2 + DJ) / 2 + PE
    Total System Jitter     (TSJ):    0.071ns
    Total Input Jitter      (TIJ):    0.000ns
    Discrete Jitter          (DJ):    0.000ns
    Phase Error              (PE):    0.000ns

    Location             Delay type                Incr(ns)  Path(ns)    Netlist Resource(s)
  -------------------------------------------------------------------    -------------------
                         (clock clk rise edge)        0.000     0.000 r  
    E3                                                0.000     0.000 r  clk (IN)
                         net (fo=0)                   0.000     0.000    clk
    E3                   IBUF (Prop_ibuf_I_O)         1.482     1.482 r  clk_IBUF_inst/O
                         net (fo=1, routed)           2.025     3.506    clk_IBUF
    BUFGCTRL_X0Y16       BUFG (Prop_bufg_I_O)         0.096     3.602 r  clk_IBUF_BUFG_inst/O
                         net (fo=27, routed)          1.704     5.306    clk_IBUF_BUFG
    SLICE_X0Y113         FDRE                                         r  counter_reg[13]/C
  -------------------------------------------------------------------    -------------------
    SLICE_X0Y113         FDRE (Prop_fdre_C_Q)         0.456     5.762 r  counter_reg[13]/Q
                         net (fo=2, routed)           0.916     6.679    counter_reg[13]
    SLICE_X1Y112         LUT6 (Prop_lut6_I4_O)        0.124     6.803 r  counter[0]_i_6/O
                         net (fo=1, routed)           0.406     7.209    counter[0]_i_6_n_0
    SLICE_X1Y113         LUT6 (Prop_lut6_I2_O)        0.124     7.333 r  counter[0]_i_5/O
                         net (fo=1, routed)           0.633     7.966    counter[0]_i_5_n_0
    SLICE_X1Y114         LUT6 (Prop_lut6_I2_O)        0.124     8.090 r  counter[0]_i_3/O
                         net (fo=2, routed)           0.815     8.905    counter[0]_i_3_n_0
    SLICE_X1Y113         LUT3 (Prop_lut3_I1_O)        0.124     9.029 r  counter[0]_i_1/O
                         net (fo=25, routed)          0.665     9.694    counter[0]_i_1_n_0
    SLICE_X0Y113         FDRE                                         r  counter_reg[15]/R
  -------------------------------------------------------------------    -------------------

                         (clock clk rise edge)       10.000    10.000 r  
    E3                                                0.000    10.000 r  clk (IN)
                         net (fo=0)                   0.000    10.000    clk
    E3                   IBUF (Prop_ibuf_I_O)         1.411    11.411 r  clk_IBUF_inst/O
                         net (fo=1, routed)           1.920    13.331    clk_IBUF
    BUFGCTRL_X0Y16       BUFG (Prop_bufg_I_O)         0.091    13.422 r  clk_IBUF_BUFG_inst/O
                         net (fo=27, routed)          1.584    15.006    clk_IBUF_BUFG
    SLICE_X0Y113         FDRE                                         r  counter_reg[15]/C
                         clock pessimism              0.300    15.306    
                         clock uncertainty           -0.035    15.271    
    SLICE_X0Y113         FDRE (Setup_fdre_C_R)       -0.429    14.842    counter_reg[15]
  -------------------------------------------------------------------
                         required time                         14.842    
                         arrival time                          -9.694    
  -------------------------------------------------------------------
                         slack                                  5.148    

Slack (MET) :             5.224ns  (required time - arrival time)
  Source:                 counter_reg[13]/C
                            (rising edge-triggered cell FDRE clocked by clk  {rise@0.000ns fall@5.000ns period=10.000ns})
  Destination:            counter_reg[4]/R
                            (rising edge-triggered cell FDRE clocked by clk  {rise@0.000ns fall@5.000ns period=10.000ns})
  Path Group:             clk
  Path Type:              Setup (Max at Slow Process Corner)
  Requirement:            10.000ns  (clk rise@10.000ns - clk rise@0.000ns)
  Data Path Delay:        4.289ns  (logic 0.952ns (22.197%)  route 3.337ns (77.803%))
  Logic Levels:           4  (LUT3=1 LUT6=3)
  Clock Path Skew:        -0.023ns (DCD - SCD + CPR)
    Destination Clock Delay (DCD):    5.008ns = ( 15.008 - 10.000 ) 
    Source Clock Delay      (SCD):    5.306ns
    Clock Pessimism Removal (CPR):    0.275ns
  Clock Uncertainty:      0.035ns  ((TSJ^2 + TIJ^2)^1/2 + DJ) / 2 + PE
    Total System Jitter     (TSJ):    0.071ns
    Total Input Jitter      (TIJ):    0.000ns
    Discrete Jitter          (DJ):    0.000ns
    Phase Error              (PE):    0.000ns

    Location             Delay type                Incr(ns)  Path(ns)    Netlist Resource(s)
  -------------------------------------------------------------------    -------------------
                         (clock clk rise edge)        0.000     0.000 r  
    E3                                                0.000     0.000 r  clk (IN)
                         net (fo=0)                   0.000     0.000    clk
    E3                   IBUF (Prop_ibuf_I_O)         1.482     1.482 r  clk_IBUF_inst/O
                         net (fo=1, routed)           2.025     3.506    clk_IBUF
    BUFGCTRL_X0Y16       BUFG (Prop_bufg_I_O)         0.096     3.602 r  clk_IBUF_BUFG_inst/O
                         net (fo=27, routed)          1.704     5.306    clk_IBUF_BUFG
    SLICE_X0Y113         FDRE                                         r  counter_reg[13]/C
  -------------------------------------------------------------------    -------------------
    SLICE_X0Y113         FDRE (Prop_fdre_C_Q)         0.456     5.762 r  counter_reg[13]/Q
                         net (fo=2, routed)           0.916     6.679    counter_reg[13]
    SLICE_X1Y112         LUT6 (Prop_lut6_I4_O)        0.124     6.803 r  counter[0]_i_6/O
                         net (fo=1, routed)           0.406     7.209    counter[0]_i_6_n_0
    SLICE_X1Y113         LUT6 (Prop_lut6_I2_O)        0.124     7.333 r  counter[0]_i_5/O
                         net (fo=1, routed)           0.633     7.966    counter[0]_i_5_n_0
    SLICE_X1Y114         LUT6 (Prop_lut6_I2_O)        0.124     8.090 r  counter[0]_i_3/O
                         net (fo=2, routed)           0.815     8.905    counter[0]_i_3_n_0
    SLICE_X1Y113         LUT3 (Prop_lut3_I1_O)        0.124     9.029 r  counter[0]_i_1/O
                         net (fo=25, routed)          0.566     9.595    counter[0]_i_1_n_0
    SLICE_X0Y111         FDRE                                         r  counter_reg[4]/R
  -------------------------------------------------------------------    -------------------

                         (clock clk rise edge)       10.000    10.000 r  
    E3                                                0.000    10.000 r  clk (IN)
                         net (fo=0)                   0.000    10.000    clk
    E3                   IBUF (Prop_ibuf_I_O)         1.411    11.411 r  clk_IBUF_inst/O
                         net (fo=1, routed)           1.920    13.331    clk_IBUF
    BUFGCTRL_X0Y16       BUFG (Prop_bufg_I_O)         0.091    13.422 r  clk_IBUF_BUFG_inst/O
                         net (fo=27, routed)          1.586    15.008    clk_IBUF_BUFG
    SLICE_X0Y111         FDRE                                         r  counter_reg[4]/C
                         clock pessimism              0.275    15.283    
                         clock uncertainty           -0.035    15.248    
    SLICE_X0Y111         FDRE (Setup_fdre_C_R)       -0.429    14.819    counter_reg[4]
  -------------------------------------------------------------------
                         required time                         14.819    
                         arrival time                          -9.595    
  -------------------------------------------------------------------
                         slack                                  5.224    





Min Delay Paths
--------------------------------------------------------------------------------------
Slack (MET) :             0.324ns  (arrival time - required time)
  Source:                 counter_reg[0]/C
                            (rising edge-triggered cell FDRE clocked by clk  {rise@0.000ns fall@5.000ns period=10.000ns})
  Destination:            counter_reg[0]/D
                            (rising edge-triggered cell FDRE clocked by clk  {rise@0.000ns fall@5.000ns period=10.000ns})
  Path Group:             clk
  Path Type:              Hold (Min at Fast Process Corner)
  Requirement:            0.000ns  (clk rise@0.000ns - clk rise@0.000ns)
  Data Path Delay:        0.429ns  (logic 0.256ns (59.730%)  route 0.173ns (40.270%))
  Logic Levels:           2  (CARRY4=1 LUT1=1)
  Clock Path Skew:        0.000ns (DCD - SCD - CPR)
    Destination Clock Delay (DCD):    2.034ns
    Source Clock Delay      (SCD):    1.515ns
    Clock Pessimism Removal (CPR):    0.518ns

    Location             Delay type                Incr(ns)  Path(ns)    Netlist Resource(s)
  -------------------------------------------------------------------    -------------------
                         (clock clk rise edge)        0.000     0.000 r  
    E3                                                0.000     0.000 r  clk (IN)
                         net (fo=0)                   0.000     0.000    clk
    E3                   IBUF (Prop_ibuf_I_O)         0.250     0.250 r  clk_IBUF_inst/O
                         net (fo=1, routed)           0.644     0.894    clk_IBUF
    BUFGCTRL_X0Y16       BUFG (Prop_bufg_I_O)         0.026     0.920 r  clk_IBUF_BUFG_inst/O
                         net (fo=27, routed)          0.596     1.515    clk_IBUF_BUFG
    SLICE_X0Y110         FDRE                                         r  counter_reg[0]/C
  -------------------------------------------------------------------    -------------------
    SLICE_X0Y110         FDRE (Prop_fdre_C_Q)         0.141     1.656 f  counter_reg[0]/Q
                         net (fo=1, routed)           0.173     1.829    counter_reg_n_0_[0]
    SLICE_X0Y110         LUT1 (Prop_lut1_I0_O)        0.045     1.874 r  counter[0]_i_4/O
                         net (fo=1, routed)           0.000     1.874    counter[0]_i_4_n_0
    SLICE_X0Y110         CARRY4 (Prop_carry4_S[0]_O[0])
                                                      0.070     1.944 r  counter_reg[0]_i_2/O[0]
                         net (fo=1, routed)           0.000     1.944    counter_reg[0]_i_2_n_7
    SLICE_X0Y110         FDRE                                         r  counter_reg[0]/D
  -------------------------------------------------------------------    -------------------

                         (clock clk rise edge)        0.000     0.000 r  
    E3                                                0.000     0.000 r  clk (IN)
                         net (fo=0)                   0.000     0.000    clk
    E3                   IBUF (Prop_ibuf_I_O)         0.438     0.438 r  clk_IBUF_inst/O
                         net (fo=1, routed)           0.699     1.136    clk_IBUF
    BUFGCTRL_X0Y16       BUFG (Prop_bufg_I_O)         0.029     1.165 r  clk_IBUF_BUFG_inst/O
                         net (fo=27, routed)          0.869     2.034    clk_IBUF_BUFG
    SLICE_X0Y110         FDRE                                         r  counter_reg[0]/C
                         clock pessimism             -0.518     1.515    
    SLICE_X0Y110         FDRE (Hold_fdre_C_D)         0.105     1.620    counter_reg[0]
  -------------------------------------------------------------------
                         required time                         -1.620    
                         arrival time                           1.944    
  -------------------------------------------------------------------
                         slack                                  0.324    

Slack (MET) :             0.338ns  (arrival time - required time)
  Source:                 counter_reg[19]/C
                            (rising edge-triggered cell FDRE clocked by clk  {rise@0.000ns fall@5.000ns period=10.000ns})
  Destination:            counter_reg[19]/D
                            (rising edge-triggered cell FDRE clocked by clk  {rise@0.000ns fall@5.000ns period=10.000ns})
  Path Group:             clk
  Path Type:              Hold (Min at Fast Process Corner)
  Requirement:            0.000ns  (clk rise@0.000ns - clk rise@0.000ns)
  Data Path Delay:        0.443ns  (logic 0.249ns (56.213%)  route 0.194ns (43.787%))
  Logic Levels:           1  (CARRY4=1)
  Clock Path Skew:        0.000ns (DCD - SCD - CPR)
    Destination Clock Delay (DCD):    2.031ns
    Source Clock Delay      (SCD):    1.513ns
    Clock Pessimism Removal (CPR):    0.517ns

    Location             Delay type                Incr(ns)  Path(ns)    Netlist Resource(s)
  -------------------------------------------------------------------    -------------------
                         (clock clk rise edge)        0.000     0.000 r  
    E3                                                0.000     0.000 r  clk (IN)
                         net (fo=0)                   0.000     0.000    clk
    E3                   IBUF (Prop_ibuf_I_O)         0.250     0.250 r  clk_IBUF_inst/O
                         net (fo=1, routed)           0.644     0.894    clk_IBUF
    BUFGCTRL_X0Y16       BUFG (Prop_bufg_I_O)         0.026     0.920 r  clk_IBUF_BUFG_inst/O
                         net (fo=27, routed)          0.594     1.513    clk_IBUF_BUFG
    SLICE_X0Y114         FDRE                                         r  counter_reg[19]/C
  -------------------------------------------------------------------    -------------------
    SLICE_X0Y114         FDRE (Prop_fdre_C_Q)         0.141     1.654 r  counter_reg[19]/Q
                         net (fo=2, routed)           0.194     1.848    counter_reg[19]
    SLICE_X0Y114         CARRY4 (Prop_carry4_S[3]_O[3])
                                                      0.108     1.956 r  counter_reg[16]_i_1/O[3]
                         net (fo=1, routed)           0.000     1.956    counter_reg[16]_i_1_n_4
    SLICE_X0Y114         FDRE                                         r  counter_reg[19]/D
  -------------------------------------------------------------------    -------------------

                         (clock clk rise edge)        0.000     0.000 r  
    E3                                                0.000     0.000 r  clk (IN)
                         net (fo=0)                   0.000     0.000    clk
    E3                   IBUF (Prop_ibuf_I_O)         0.438     0.438 r  clk_IBUF_inst/O
                         net (fo=1, routed)           0.699     1.136    clk_IBUF
    BUFGCTRL_X0Y16       BUFG (Prop_bufg_I_O)         0.029     1.165 r  clk_IBUF_BUFG_inst/O
                         net (fo=27, routed)          0.866     2.031    clk_IBUF_BUFG
    SLICE_X0Y114         FDRE                                         r  counter_reg[19]/C
                         clock pessimism             -0.517     1.513    
    SLICE_X0Y114         FDRE (Hold_fdre_C_D)         0.105     1.618    counter_reg[19]
  -------------------------------------------------------------------
                         required time                         -1.618    
                         arrival time                           1.956    
  -------------------------------------------------------------------
                         slack                                  0.338    

Slack (MET) :             0.339ns  (arrival time - required time)
  Source:                 counter_reg[8]/C
                            (rising edge-triggered cell FDRE clocked by clk  {rise@0.000ns fall@5.000ns period=10.000ns})
  Destination:            counter_reg[8]/D
                            (rising edge-triggered cell FDRE clocked by clk  {rise@0.000ns fall@5.000ns period=10.000ns})
  Path Group:             clk
  Path Type:              Hold (Min at Fast Process Corner)
  Requirement:            0.000ns  (clk rise@0.000ns - clk rise@0.000ns)
  Data Path Delay:        0.444ns  (logic 0.256ns (57.717%)  route 0.188ns (42.283%))
  Logic Levels:           1  (CARRY4=1)
  Clock Path Skew:        0.000ns (DCD - SCD - CPR)
    Destination Clock Delay (DCD):    2.032ns
    Source Clock Delay      (SCD):    1.514ns
    Clock Pessimism Removal (CPR):    0.517ns

    Location             Delay type                Incr(ns)  Path(ns)    Netlist Resource(s)
  -------------------------------------------------------------------    -------------------
                         (clock clk rise edge)        0.000     0.000 r  
    E3                                                0.000     0.000 r  clk (IN)
                         net (fo=0)                   0.000     0.000    clk
    E3                   IBUF (Prop_ibuf_I_O)         0.250     0.250 r  clk_IBUF_inst/O
                         net (fo=1, routed)           0.644     0.894    clk_IBUF
    BUFGCTRL_X0Y16       BUFG (Prop_bufg_I_O)         0.026     0.920 r  clk_IBUF_BUFG_inst/O
                         net (fo=27, routed)          0.595     1.514    clk_IBUF_BUFG
    SLICE_X0Y112         FDRE                                         r  counter_reg[8]/C
  -------------------------------------------------------------------    -------------------
    SLICE_X0Y112         FDRE (Prop_fdre_C_Q)         0.141     1.655 r  counter_reg[8]/Q
                         net (fo=2, routed)           0.188     1.843    counter_reg[8]
    SLICE_X0Y112         CARRY4 (Prop_carry4_S[0]_O[0])
                                                      0.115     1.958 r  counter_reg[8]_i_1/O[0]
                         net (fo=1, routed)           0.000     1.958    counter_reg[8]_i_1_n_7
    SLICE_X0Y112         FDRE                                         r  counter_reg[8]/D
  -------------------------------------------------------------------    -------------------

                         (clock clk rise edge)        0.000     0.000 r  
    E3                                                0.000     0.000 r  clk (IN)
                         net (fo=0)                   0.000     0.000    clk
    E3                   IBUF (Prop_ibuf_I_O)         0.438     0.438 r  clk_IBUF_inst/O
                         net (fo=1, routed)           0.699     1.136    clk_IBUF
    BUFGCTRL_X0Y16       BUFG (Prop_bufg_I_O)         0.029     1.165 r  clk_IBUF_BUFG_inst/O
                         net (fo=27, routed)          0.867     2.032    clk_IBUF_BUFG
    SLICE_X0Y112         FDRE                                         r  counter_reg[8]/C
                         clock pessimism             -0.517     1.514    
    SLICE_X0Y112         FDRE (Hold_fdre_C_D)         0.105     1.619    counter_reg[8]
  -------------------------------------------------------------------
                         required time                         -1.619    
                         arrival time                           1.958    
  -------------------------------------------------------------------
                         slack                                  0.339    

Slack (MET) :             0.340ns  (arrival time - required time)
  Source:                 counter_reg[20]/C
                            (rising edge-triggered cell FDRE clocked by clk  {rise@0.000ns fall@5.000ns period=10.000ns})
  Destination:            counter_reg[20]/D
                            (rising edge-triggered cell FDRE clocked by clk  {rise@0.000ns fall@5.000ns period=10.000ns})
  Path Group:             clk
  Path Type:              Hold (Min at Fast Process Corner)
  Requirement:            0.000ns  (clk rise@0.000ns - clk rise@0.000ns)
  Data Path Delay:        0.445ns  (logic 0.256ns (57.583%)  route 0.189ns (42.417%))
  Logic Levels:           1  (CARRY4=1)
  Clock Path Skew:        0.000ns (DCD - SCD - CPR)
    Destination Clock Delay (DCD):    2.030ns
    Source Clock Delay      (SCD):    1.513ns
    Clock Pessimism Removal (CPR):    0.516ns

    Location             Delay type                Incr(ns)  Path(ns)    Netlist Resource(s)
  -------------------------------------------------------------------    -------------------
                         (clock clk rise edge)        0.000     0.000 r  
    E3                                                0.000     0.000 r  clk (IN)
                         net (fo=0)                   0.000     0.000    clk
    E3                   IBUF (Prop_ibuf_I_O)         0.250     0.250 r  clk_IBUF_inst/O
                         net (fo=1, routed)           0.644     0.894    clk_IBUF
    BUFGCTRL_X0Y16       BUFG (Prop_bufg_I_O)         0.026     0.920 r  clk_IBUF_BUFG_inst/O
                         net (fo=27, routed)          0.594     1.513    clk_IBUF_BUFG
    SLICE_X0Y115         FDRE                                         r  counter_reg[20]/C
  -------------------------------------------------------------------    -------------------
    SLICE_X0Y115         FDRE (Prop_fdre_C_Q)         0.141     1.654 r  counter_reg[20]/Q
                         net (fo=2, routed)           0.189     1.843    counter_reg[20]
    SLICE_X0Y115         CARRY4 (Prop_carry4_S[0]_O[0])
                                                      0.115     1.958 r  counter_reg[20]_i_1/O[0]
                         net (fo=1, routed)           0.000     1.958    counter_reg[20]_i_1_n_7
    SLICE_X0Y115         FDRE                                         r  counter_reg[20]/D
  -------------------------------------------------------------------    -------------------

                         (clock clk rise edge)        0.000     0.000 r  
    E3                                                0.000     0.000 r  clk (IN)
                         net (fo=0)                   0.000     0.000    clk
    E3                   IBUF (Prop_ibuf_I_O)         0.438     0.438 r  clk_IBUF_inst/O
                         net (fo=1, routed)           0.699     1.136    clk_IBUF
    BUFGCTRL_X0Y16       BUFG (Prop_bufg_I_O)         0.029     1.165 r  clk_IBUF_BUFG_inst/O
                         net (fo=27, routed)          0.865     2.030    clk_IBUF_BUFG
    SLICE_X0Y115         FDRE                                         r  counter_reg[20]/C
                         clock pessimism             -0.516     1.513    
    SLICE_X0Y115         FDRE (Hold_fdre_C_D)         0.105     1.618    counter_reg[20]
  -------------------------------------------------------------------
                         required time                         -1.618    
                         arrival time                           1.958    
  -------------------------------------------------------------------
                         slack                                  0.340    

Slack (MET) :             0.340ns  (arrival time - required time)
  Source:                 counter_reg[12]/C
                            (rising edge-triggered cell FDRE clocked by clk  {rise@0.000ns fall@5.000ns period=10.000ns})
  Destination:            counter_reg[12]/D
                            (rising edge-triggered cell FDRE clocked by clk  {rise@0.000ns fall@5.000ns period=10.000ns})
  Path Group:             clk
  Path Type:              Hold (Min at Fast Process Corner)
  Requirement:            0.000ns  (clk rise@0.000ns - clk rise@0.000ns)
  Data Path Delay:        0.445ns  (logic 0.256ns (57.583%)  route 0.189ns (42.417%))
  Logic Levels:           1  (CARRY4=1)
  Clock Path Skew:        0.000ns (DCD - SCD - CPR)
    Destination Clock Delay (DCD):    2.031ns
    Source Clock Delay      (SCD):    1.513ns
    Clock Pessimism Removal (CPR):    0.517ns

    Location             Delay type                Incr(ns)  Path(ns)    Netlist Resource(s)
  -------------------------------------------------------------------    -------------------
                         (clock clk rise edge)        0.000     0.000 r  
    E3                                                0.000     0.000 r  clk (IN)
                         net (fo=0)                   0.000     0.000    clk
    E3                   IBUF (Prop_ibuf_I_O)         0.250     0.250 r  clk_IBUF_inst/O
                         net (fo=1, routed)           0.644     0.894    clk_IBUF
    BUFGCTRL_X0Y16       BUFG (Prop_bufg_I_O)         0.026     0.920 r  clk_IBUF_BUFG_inst/O
                         net (fo=27, routed)          0.594     1.513    clk_IBUF_BUFG
    SLICE_X0Y113         FDRE                                         r  counter_reg[12]/C
  -------------------------------------------------------------------    -------------------
    SLICE_X0Y113         FDRE (Prop_fdre_C_Q)         0.141     1.654 r  counter_reg[12]/Q
                         net (fo=2, routed)           0.189     1.843    counter_reg[12]
    SLICE_X0Y113         CARRY4 (Prop_carry4_S[0]_O[0])
                                                      0.115     1.958 r  counter_reg[12]_i_1/O[0]
                         net (fo=1, routed)           0.000     1.958    counter_reg[12]_i_1_n_7
    SLICE_X0Y113         FDRE                                         r  counter_reg[12]/D
  -------------------------------------------------------------------    -------------------

                         (clock clk rise edge)        0.000     0.000 r  
    E3                                                0.000     0.000 r  clk (IN)
                         net (fo=0)                   0.000     0.000    clk
    E3                   IBUF (Prop_ibuf_I_O)         0.438     0.438 r  clk_IBUF_inst/O
                         net (fo=1, routed)           0.699     1.136    clk_IBUF
    BUFGCTRL_X0Y16       BUFG (Prop_bufg_I_O)         0.029     1.165 r  clk_IBUF_BUFG_inst/O
                         net (fo=27, routed)          0.866     2.031    clk_IBUF_BUFG
    SLICE_X0Y113         FDRE                                         r  counter_reg[12]/C
                         clock pessimism             -0.517     1.513    
    SLICE_X0Y113         FDRE (Hold_fdre_C_D)         0.105     1.618    counter_reg[12]
  -------------------------------------------------------------------
                         required time                         -1.618    
                         arrival time                           1.958    
  -------------------------------------------------------------------
                         slack                                  0.340    

Slack (MET) :             0.340ns  (arrival time - required time)
  Source:                 counter_reg[24]/C
                            (rising edge-triggered cell FDRE clocked by clk  {rise@0.000ns fall@5.000ns period=10.000ns})
  Destination:            counter_reg[24]/D
                            (rising edge-triggered cell FDRE clocked by clk  {rise@0.000ns fall@5.000ns period=10.000ns})
  Path Group:             clk
  Path Type:              Hold (Min at Fast Process Corner)
  Requirement:            0.000ns  (clk rise@0.000ns - clk rise@0.000ns)
  Data Path Delay:        0.445ns  (logic 0.256ns (57.575%)  route 0.189ns (42.425%))
  Logic Levels:           1  (CARRY4=1)
  Clock Path Skew:        0.000ns (DCD - SCD - CPR)
    Destination Clock Delay (DCD):    2.029ns
    Source Clock Delay      (SCD):    1.512ns
    Clock Pessimism Removal (CPR):    0.516ns

    Location             Delay type                Incr(ns)  Path(ns)    Netlist Resource(s)
  -------------------------------------------------------------------    -------------------
                         (clock clk rise edge)        0.000     0.000 r  
    E3                                                0.000     0.000 r  clk (IN)
                         net (fo=0)                   0.000     0.000    clk
    E3                   IBUF (Prop_ibuf_I_O)         0.250     0.250 r  clk_IBUF_inst/O
                         net (fo=1, routed)           0.644     0.894    clk_IBUF
    BUFGCTRL_X0Y16       BUFG (Prop_bufg_I_O)         0.026     0.920 r  clk_IBUF_BUFG_inst/O
                         net (fo=27, routed)          0.593     1.512    clk_IBUF_BUFG
    SLICE_X0Y116         FDRE                                         r  counter_reg[24]/C
  -------------------------------------------------------------------    -------------------
    SLICE_X0Y116         FDRE (Prop_fdre_C_Q)         0.141     1.653 r  counter_reg[24]/Q
                         net (fo=2, routed)           0.189     1.842    counter_reg[24]
    SLICE_X0Y116         CARRY4 (Prop_carry4_S[0]_O[0])
                                                      0.115     1.957 r  counter_reg[24]_i_1/O[0]
                         net (fo=1, routed)           0.000     1.957    counter_reg[24]_i_1_n_7
    SLICE_X0Y116         FDRE                                         r  counter_reg[24]/D
  -------------------------------------------------------------------    -------------------

                         (clock clk rise edge)        0.000     0.000 r  
    E3                                                0.000     0.000 r  clk (IN)
                         net (fo=0)                   0.000     0.000    clk
    E3                   IBUF (Prop_ibuf_I_O)         0.438     0.438 r  clk_IBUF_inst/O
                         net (fo=1, routed)           0.699     1.136    clk_IBUF
    BUFGCTRL_X0Y16       BUFG (Prop_bufg_I_O)         0.029     1.165 r  clk_IBUF_BUFG_inst/O
                         net (fo=27, routed)          0.864     2.029    clk_IBUF_BUFG
    SLICE_X0Y116         FDRE                                         r  counter_reg[24]/C
                         clock pessimism             -0.516     1.512    
    SLICE_X0Y116         FDRE (Hold_fdre_C_D)         0.105     1.617    counter_reg[24]
  -------------------------------------------------------------------
                         required time                         -1.617    
                         arrival time                           1.957    
  -------------------------------------------------------------------
                         slack                                  0.340    

Slack (MET) :             0.360ns  (arrival time - required time)
  Source:                 counter_reg[0]/C
                            (rising edge-triggered cell FDRE clocked by clk  {rise@0.000ns fall@5.000ns period=10.000ns})
  Destination:            counter_reg[1]/D
                            (rising edge-triggered cell FDRE clocked by clk  {rise@0.000ns fall@5.000ns period=10.000ns})
  Path Group:             clk
  Path Type:              Hold (Min at Fast Process Corner)
  Requirement:            0.000ns  (clk rise@0.000ns - clk rise@0.000ns)
  Data Path Delay:        0.465ns  (logic 0.292ns (62.850%)  route 0.173ns (37.150%))
  Logic Levels:           2  (CARRY4=1 LUT1=1)
  Clock Path Skew:        0.000ns (DCD - SCD - CPR)
    Destination Clock Delay (DCD):    2.034ns
    Source Clock Delay      (SCD):    1.515ns
    Clock Pessimism Removal (CPR):    0.518ns

    Location             Delay type                Incr(ns)  Path(ns)    Netlist Resource(s)
  -------------------------------------------------------------------    -------------------
                         (clock clk rise edge)        0.000     0.000 r  
    E3                                                0.000     0.000 r  clk (IN)
                         net (fo=0)                   0.000     0.000    clk
    E3                   IBUF (Prop_ibuf_I_O)         0.250     0.250 r  clk_IBUF_inst/O
                         net (fo=1, routed)           0.644     0.894    clk_IBUF
    BUFGCTRL_X0Y16       BUFG (Prop_bufg_I_O)         0.026     0.920 r  clk_IBUF_BUFG_inst/O
                         net (fo=27, routed)          0.596     1.515    clk_IBUF_BUFG
    SLICE_X0Y110         FDRE                                         r  counter_reg[0]/C
  -------------------------------------------------------------------    -------------------
    SLICE_X0Y110         FDRE (Prop_fdre_C_Q)         0.141     1.656 f  counter_reg[0]/Q
                         net (fo=1, routed)           0.173     1.829    counter_reg_n_0_[0]
    SLICE_X0Y110         LUT1 (Prop_lut1_I0_O)        0.045     1.874 r  counter[0]_i_4/O
                         net (fo=1, routed)           0.000     1.874    counter[0]_i_4_n_0
    SLICE_X0Y110         CARRY4 (Prop_carry4_S[0]_O[1])
                                                      0.106     1.980 r  counter_reg[0]_i_2/O[1]
                         net (fo=1, routed)           0.000     1.980    counter_reg[0]_i_2_n_6
    SLICE_X0Y110         FDRE                                         r  counter_reg[1]/D
  -------------------------------------------------------------------    -------------------

                         (clock clk rise edge)        0.000     0.000 r  
    E3                                                0.000     0.000 r  clk (IN)
                         net (fo=0)                   0.000     0.000    clk
    E3                   IBUF (Prop_ibuf_I_O)         0.438     0.438 r  clk_IBUF_inst/O
                         net (fo=1, routed)           0.699     1.136    clk_IBUF
    BUFGCTRL_X0Y16       BUFG (Prop_bufg_I_O)         0.029     1.165 r  clk_IBUF_BUFG_inst/O
                         net (fo=27, routed)          0.869     2.034    clk_IBUF_BUFG
    SLICE_X0Y110         FDRE                                         r  counter_reg[1]/C
                         clock pessimism             -0.518     1.515    
    SLICE_X0Y110         FDRE (Hold_fdre_C_D)         0.105     1.620    counter_reg[1]
  -------------------------------------------------------------------
                         required time                         -1.620    
                         arrival time                           1.980    
  -------------------------------------------------------------------
                         slack                                  0.360    

Slack (MET) :             0.375ns  (arrival time - required time)
  Source:                 counter_reg[8]/C
                            (rising edge-triggered cell FDRE clocked by clk  {rise@0.000ns fall@5.000ns period=10.000ns})
  Destination:            counter_reg[9]/D
                            (rising edge-triggered cell FDRE clocked by clk  {rise@0.000ns fall@5.000ns period=10.000ns})
  Path Group:             clk
  Path Type:              Hold (Min at Fast Process Corner)
  Requirement:            0.000ns  (clk rise@0.000ns - clk rise@0.000ns)
  Data Path Delay:        0.480ns  (logic 0.292ns (60.891%)  route 0.188ns (39.109%))
  Logic Levels:           1  (CARRY4=1)
  Clock Path Skew:        0.000ns (DCD - SCD - CPR)
    Destination Clock Delay (DCD):    2.032ns
    Source Clock Delay      (SCD):    1.514ns
    Clock Pessimism Removal (CPR):    0.517ns

    Location             Delay type                Incr(ns)  Path(ns)    Netlist Resource(s)
  -------------------------------------------------------------------    -------------------
                         (clock clk rise edge)        0.000     0.000 r  
    E3                                                0.000     0.000 r  clk (IN)
                         net (fo=0)                   0.000     0.000    clk
    E3                   IBUF (Prop_ibuf_I_O)         0.250     0.250 r  clk_IBUF_inst/O
                         net (fo=1, routed)           0.644     0.894    clk_IBUF
    BUFGCTRL_X0Y16       BUFG (Prop_bufg_I_O)         0.026     0.920 r  clk_IBUF_BUFG_inst/O
                         net (fo=27, routed)          0.595     1.514    clk_IBUF_BUFG
    SLICE_X0Y112         FDRE                                         r  counter_reg[8]/C
  -------------------------------------------------------------------    -------------------
    SLICE_X0Y112         FDRE (Prop_fdre_C_Q)         0.141     1.655 r  counter_reg[8]/Q
                         net (fo=2, routed)           0.188     1.843    counter_reg[8]
    SLICE_X0Y112         CARRY4 (Prop_carry4_S[0]_O[1])
                                                      0.151     1.994 r  counter_reg[8]_i_1/O[1]
                         net (fo=1, routed)           0.000     1.994    counter_reg[8]_i_1_n_6
    SLICE_X0Y112         FDRE                                         r  counter_reg[9]/D
  -------------------------------------------------------------------    -------------------

                         (clock clk rise edge)        0.000     0.000 r  
    E3                                                0.000     0.000 r  clk (IN)
                         net (fo=0)                   0.000     0.000    clk
    E3                   IBUF (Prop_ibuf_I_O)         0.438     0.438 r  clk_IBUF_inst/O
                         net (fo=1, routed)           0.699     1.136    clk_IBUF
    BUFGCTRL_X0Y16       BUFG (Prop_bufg_I_O)         0.029     1.165 r  clk_IBUF_BUFG_inst/O
                         net (fo=27, routed)          0.867     2.032    clk_IBUF_BUFG
    SLICE_X0Y112         FDRE                                         r  counter_reg[9]/C
                         clock pessimism             -0.517     1.514    
    SLICE_X0Y112         FDRE (Hold_fdre_C_D)         0.105     1.619    counter_reg[9]
  -------------------------------------------------------------------
                         required time                         -1.619    
                         arrival time                           1.994    
  -------------------------------------------------------------------
                         slack                                  0.375    

Slack (MET) :             0.376ns  (arrival time - required time)
  Source:                 counter_reg[20]/C
                            (rising edge-triggered cell FDRE clocked by clk  {rise@0.000ns fall@5.000ns period=10.000ns})
  Destination:            counter_reg[21]/D
                            (rising edge-triggered cell FDRE clocked by clk  {rise@0.000ns fall@5.000ns period=10.000ns})
  Path Group:             clk
  Path Type:              Hold (Min at Fast Process Corner)
  Requirement:            0.000ns  (clk rise@0.000ns - clk rise@0.000ns)
  Data Path Delay:        0.481ns  (logic 0.292ns (60.760%)  route 0.189ns (39.240%))
  Logic Levels:           1  (CARRY4=1)
  Clock Path Skew:        0.000ns (DCD - SCD - CPR)
    Destination Clock Delay (DCD):    2.030ns
    Source Clock Delay      (SCD):    1.513ns
    Clock Pessimism Removal (CPR):    0.516ns

    Location             Delay type                Incr(ns)  Path(ns)    Netlist Resource(s)
  -------------------------------------------------------------------    -------------------
                         (clock clk rise edge)        0.000     0.000 r  
    E3                                                0.000     0.000 r  clk (IN)
                         net (fo=0)                   0.000     0.000    clk
    E3                   IBUF (Prop_ibuf_I_O)         0.250     0.250 r  clk_IBUF_inst/O
                         net (fo=1, routed)           0.644     0.894    clk_IBUF
    BUFGCTRL_X0Y16       BUFG (Prop_bufg_I_O)         0.026     0.920 r  clk_IBUF_BUFG_inst/O
                         net (fo=27, routed)          0.594     1.513    clk_IBUF_BUFG
    SLICE_X0Y115         FDRE                                         r  counter_reg[20]/C
  -------------------------------------------------------------------    -------------------
    SLICE_X0Y115         FDRE (Prop_fdre_C_Q)         0.141     1.654 r  counter_reg[20]/Q
                         net (fo=2, routed)           0.189     1.843    counter_reg[20]
    SLICE_X0Y115         CARRY4 (Prop_carry4_S[0]_O[1])
                                                      0.151     1.994 r  counter_reg[20]_i_1/O[1]
                         net (fo=1, routed)           0.000     1.994    counter_reg[20]_i_1_n_6
    SLICE_X0Y115         FDRE                                         r  counter_reg[21]/D
  -------------------------------------------------------------------    -------------------

                         (clock clk rise edge)        0.000     0.000 r  
    E3                                                0.000     0.000 r  clk (IN)
                         net (fo=0)                   0.000     0.000    clk
    E3                   IBUF (Prop_ibuf_I_O)         0.438     0.438 r  clk_IBUF_inst/O
                         net (fo=1, routed)           0.699     1.136    clk_IBUF
    BUFGCTRL_X0Y16       BUFG (Prop_bufg_I_O)         0.029     1.165 r  clk_IBUF_BUFG_inst/O
                         net (fo=27, routed)          0.865     2.030    clk_IBUF_BUFG
    SLICE_X0Y115         FDRE                                         r  counter_reg[21]/C
                         clock pessimism             -0.516     1.513    
    SLICE_X0Y115         FDRE (Hold_fdre_C_D)         0.105     1.618    counter_reg[21]
  -------------------------------------------------------------------
                         required time                         -1.618    
                         arrival time                           1.994    
  -------------------------------------------------------------------
                         slack                                  0.376    

Slack (MET) :             0.376ns  (arrival time - required time)
  Source:                 counter_reg[12]/C
                            (rising edge-triggered cell FDRE clocked by clk  {rise@0.000ns fall@5.000ns period=10.000ns})
  Destination:            counter_reg[13]/D
                            (rising edge-triggered cell FDRE clocked by clk  {rise@0.000ns fall@5.000ns period=10.000ns})
  Path Group:             clk
  Path Type:              Hold (Min at Fast Process Corner)
  Requirement:            0.000ns  (clk rise@0.000ns - clk rise@0.000ns)
  Data Path Delay:        0.481ns  (logic 0.292ns (60.760%)  route 0.189ns (39.240%))
  Logic Levels:           1  (CARRY4=1)
  Clock Path Skew:        0.000ns (DCD - SCD - CPR)
    Destination Clock Delay (DCD):    2.031ns
    Source Clock Delay      (SCD):    1.513ns
    Clock Pessimism Removal (CPR):    0.517ns

    Location             Delay type                Incr(ns)  Path(ns)    Netlist Resource(s)
  -------------------------------------------------------------------    -------------------
                         (clock clk rise edge)        0.000     0.000 r  
    E3                                                0.000     0.000 r  clk (IN)
                         net (fo=0)                   0.000     0.000    clk
    E3                   IBUF (Prop_ibuf_I_O)         0.250     0.250 r  clk_IBUF_inst/O
                         net (fo=1, routed)           0.644     0.894    clk_IBUF
    BUFGCTRL_X0Y16       BUFG (Prop_bufg_I_O)         0.026     0.920 r  clk_IBUF_BUFG_inst/O
                         net (fo=27, routed)          0.594     1.513    clk_IBUF_BUFG
    SLICE_X0Y113         FDRE                                         r  counter_reg[12]/C
  -------------------------------------------------------------------    -------------------
    SLICE_X0Y113         FDRE (Prop_fdre_C_Q)         0.141     1.654 r  counter_reg[12]/Q
                         net (fo=2, routed)           0.189     1.843    counter_reg[12]
    SLICE_X0Y113         CARRY4 (Prop_carry4_S[0]_O[1])
                                                      0.151     1.994 r  counter_reg[12]_i_1/O[1]
                         net (fo=1, routed)           0.000     1.994    counter_reg[12]_i_1_n_6
    SLICE_X0Y113         FDRE                                         r  counter_reg[13]/D
  -------------------------------------------------------------------    -------------------

                         (clock clk rise edge)        0.000     0.000 r  
    E3                                                0.000     0.000 r  clk (IN)
                         net (fo=0)                   0.000     0.000    clk
    E3                   IBUF (Prop_ibuf_I_O)         0.438     0.438 r  clk_IBUF_inst/O
                         net (fo=1, routed)           0.699     1.136    clk_IBUF
    BUFGCTRL_X0Y16       BUFG (Prop_bufg_I_O)         0.029     1.165 r  clk_IBUF_BUFG_inst/O
                         net (fo=27, routed)          0.866     2.031    clk_IBUF_BUFG
    SLICE_X0Y113         FDRE                                         r  counter_reg[13]/C
                         clock pessimism             -0.517     1.513    
    SLICE_X0Y113         FDRE (Hold_fdre_C_D)         0.105     1.618    counter_reg[13]
  -------------------------------------------------------------------
                         required time                         -1.618    
                         arrival time                           1.994    
  -------------------------------------------------------------------
                         slack                                  0.376    





Pulse Width Checks
--------------------------------------------------------------------------------------
Clock Name:         clk
Waveform(ns):       { 0.000 5.000 }
Period(ns):         10.000
Sources:            { clk }

Check Type        Corner  Lib Pin  Reference Pin  Required(ns)  Actual(ns)  Slack(ns)  Location        Pin
Min Period        n/a     BUFG/I   n/a            2.155         10.000      7.845      BUFGCTRL_X0Y16  clk_IBUF_BUFG_inst/I
Min Period        n/a     FDRE/C   n/a            1.000         10.000      9.000      SLICE_X0Y110    counter_reg[0]/C
Min Period        n/a     FDRE/C   n/a            1.000         10.000      9.000      SLICE_X0Y112    counter_reg[10]/C
Min Period        n/a     FDRE/C   n/a            1.000         10.000      9.000      SLICE_X0Y112    counter_reg[11]/C
Min Period        n/a     FDRE/C   n/a            1.000         10.000      9.000      SLICE_X0Y113    counter_reg[12]/C
Min Period        n/a     FDRE/C   n/a            1.000         10.000      9.000      SLICE_X0Y113    counter_reg[13]/C
Min Period        n/a     FDRE/C   n/a            1.000         10.000      9.000      SLICE_X0Y113    counter_reg[14]/C
Min Period        n/a     FDRE/C   n/a            1.000         10.000      9.000      SLICE_X0Y113    counter_reg[15]/C
Min Period        n/a     FDRE/C   n/a            1.000         10.000      9.000      SLICE_X0Y114    counter_reg[16]/C
Min Period        n/a     FDRE/C   n/a            1.000         10.000      9.000      SLICE_X0Y114    counter_reg[17]/C
Low Pulse Width   Slow    FDRE/C   n/a            0.500         5.000       4.500      SLICE_X0Y110    counter_reg[0]/C
Low Pulse Width   Fast    FDRE/C   n/a            0.500         5.000       4.500      SLICE_X0Y110    counter_reg[0]/C
Low Pulse Width   Slow    FDRE/C   n/a            0.500         5.000       4.500      SLICE_X0Y112    counter_reg[10]/C
Low Pulse Width   Fast    FDRE/C   n/a            0.500         5.000       4.500      SLICE_X0Y112    counter_reg[10]/C
Low Pulse Width   Slow    FDRE/C   n/a            0.500         5.000       4.500      SLICE_X0Y112    counter_reg[11]/C
Low Pulse Width   Fast    FDRE/C   n/a            0.500         5.000       4.500      SLICE_X0Y112    counter_reg[11]/C
Low Pulse Width   Slow    FDRE/C   n/a            0.500         5.000       4.500      SLICE_X0Y113    counter_reg[12]/C
Low Pulse Width   Fast    FDRE/C   n/a            0.500         5.000       4.500      SLICE_X0Y113    counter_reg[12]/C
Low Pulse Width   Slow    FDRE/C   n/a            0.500         5.000       4.500      SLICE_X0Y113    counter_reg[13]/C
Low Pulse Width   Fast    FDRE/C   n/a            0.500         5.000       4.500      SLICE_X0Y113    counter_reg[13]/C
High Pulse Width  Slow    FDRE/C   n/a            0.500         5.000       4.500      SLICE_X0Y110    counter_reg[0]/C
High Pulse Width  Fast    FDRE/C   n/a            0.500         5.000       4.500      SLICE_X0Y110    counter_reg[0]/C
High Pulse Width  Slow    FDRE/C   n/a            0.500         5.000       4.500      SLICE_X0Y112    counter_reg[10]/C
High Pulse Width  Fast    FDRE/C   n/a            0.500         5.000       4.500      SLICE_X0Y112    counter_reg[10]/C
High Pulse Width  Slow    FDRE/C   n/a            0.500         5.000       4.500      SLICE_X0Y112    counter_reg[11]/C
High Pulse Width  Fast    FDRE/C   n/a            0.500         5.000       4.500      SLICE_X0Y112    counter_reg[11]/C
High Pulse Width  Slow    FDRE/C   n/a            0.500         5.000       4.500      SLICE_X0Y113    counter_reg[12]/C
High Pulse Width  Fast    FDRE/C   n/a            0.500         5.000       4.500      SLICE_X0Y113    counter_reg[12]/C
High Pulse Width  Slow    FDRE/C   n/a            0.500         5.000       4.500      SLICE_X0Y113    counter_reg[13]/C
High Pulse Width  Fast    FDRE/C   n/a            0.500         5.000       4.500      SLICE_X0Y113    counter_reg[13]/C



--------------------------------------------------------------------------------------
Path Group:  (none)
From Clock:  clk
  To Clock:  

Max Delay             1 Endpoint
Min Delay             1 Endpoint
--------------------------------------------------------------------------------------


Max Delay Paths
--------------------------------------------------------------------------------------
Slack:                    inf
  Source:                 led_reg/C
                            (rising edge-triggered cell FDRE clocked by clk  {rise@0.000ns fall@5.000ns period=10.000ns})
  Destination:            led
                            (output port)
  Path Group:             (none)
  Path Type:              Max at Slow Process Corner
  Data Path Delay:        5.645ns  (logic 3.976ns (70.443%)  route 1.668ns (29.557%))
  Logic Levels:           1  (OBUF=1)
  Clock Uncertainty:      0.025ns  ((TSJ^2 + TIJ^2)^1/2 + DJ) / 2 + PE
    Total System Jitter     (TSJ):    0.050ns
    Total Input Jitter      (TIJ):    0.000ns
    Discrete Jitter          (DJ):    0.000ns
    Phase Error              (PE):    0.000ns

    Location             Delay type                Incr(ns)  Path(ns)    Netlist Resource(s)
  -------------------------------------------------------------------    -------------------
                         (clock clk rise edge)        0.000     0.000 r  
    E3                                                0.000     0.000 r  clk (IN)
                         net (fo=0)                   0.000     0.000    clk
    E3                   IBUF (Prop_ibuf_I_O)         1.482     1.482 r  clk_IBUF_inst/O
                         net (fo=1, routed)           2.025     3.506    clk_IBUF
    BUFGCTRL_X0Y16       BUFG (Prop_bufg_I_O)         0.096     3.602 r  clk_IBUF_BUFG_inst/O
                         net (fo=27, routed)          1.704     5.306    clk_IBUF_BUFG
    SLICE_X1Y113         FDRE                                         r  led_reg/C
  -------------------------------------------------------------------    -------------------
    SLICE_X1Y113         FDRE (Prop_fdre_C_Q)         0.456     5.762 r  led_reg/Q
                         net (fo=1, routed)           1.668     7.431    led_OBUF
    H17                  OBUF (Prop_obuf_I_O)         3.520    10.951 r  led_OBUF_inst/O
                         net (fo=0)                   0.000    10.951    led
    H17                                                               r  led (OUT)
  -------------------------------------------------------------------    -------------------





Min Delay Paths
--------------------------------------------------------------------------------------
Slack:                    inf
  Source:                 led_reg/C
                            (rising edge-triggered cell FDRE clocked by clk  {rise@0.000ns fall@5.000ns period=10.000ns})
  Destination:            led
                            (output port)
  Path Group:             (none)
  Path Type:              Min at Fast Process Corner
  Data Path Delay:        1.682ns  (logic 1.362ns (81.007%)  route 0.319ns (18.993%))
  Logic Levels:           1  (OBUF=1)
  Clock Uncertainty:      0.025ns  ((TSJ^2 + TIJ^2)^1/2 + DJ) / 2 + PE
    Total System Jitter     (TSJ):    0.050ns
    Total Input Jitter      (TIJ):    0.000ns
    Discrete Jitter          (DJ):    0.000ns
    Phase Error              (PE):    0.000ns

    Location             Delay type                Incr(ns)  Path(ns)    Netlist Resource(s)
  -------------------------------------------------------------------    -------------------
                         (clock clk rise edge)        0.000     0.000 r  
    E3                                                0.000     0.000 r  clk (IN)
                         net (fo=0)                   0.000     0.000    clk
    E3                   IBUF (Prop_ibuf_I_O)         0.250     0.250 r  clk_IBUF_inst/O
                         net (fo=1, routed)           0.644     0.894    clk_IBUF
    BUFGCTRL_X0Y16       BUFG (Prop_bufg_I_O)         0.026     0.920 r  clk_IBUF_BUFG_inst/O
                         net (fo=27, routed)          0.594     1.513    clk_IBUF_BUFG
    SLICE_X1Y113         FDRE                                         r  led_reg/C
  -------------------------------------------------------------------    -------------------
    SLICE_X1Y113         FDRE (Prop_fdre_C_Q)         0.141     1.654 r  led_reg/Q
                         net (fo=1, routed)           0.319     1.974    led_OBUF
    H17                  OBUF (Prop_obuf_I_O)         1.221     3.195 r  led_OBUF_inst/O
                         net (fo=0)                   0.000     3.195    led
    H17                                                               r  led (OUT)
  -------------------------------------------------------------------    -------------------





